<DATE>,<TIME>,<OPEN>,<HIGH>,<LOW>,<CLOSE>,<VOL>
20251216,07:00:00,56.96,57.05,56.96,56.99,9110
20251216,07:01:00,57,57.05,56.97,57.02,3250
20251216,07:02:00,57.05,57.06,57.03,57.05,4410
20251216,07:03:00,57.05,57.06,57,57,8330
20251216,07:04:00,57.03,57.03,57,57,4320
20251216,07:05:00,57,57,57,57,220
20251216,07:06:00,57,57.05,56.98,56.98,31130
20251216,07:07:00,56.99,57.03,56.98,56.98,4360
20251216,07:08:00,56.98,57,56.96,57,1130
20251216,07:09:00,56.96,56.96,56.95,56.95,4820
20251216,07:10:00,56.98,56.99,56.94,56.99,3030
20251216,07:11:00,56.98,56.99,56.98,56.99,90
20251216,07:12:00,56.97,57,56.97,57,280
20251216,07:13:00,57,57,57,57,360
20251216,07:14:00,57,57,56.99,57,1800
20251216,07:15:00,56.97,57,56.97,57,340
20251216,07:16:00,57,57.03,56.96,56.99,13210
20251216,07:17:00,57.03,57.06,57.02,57.06,2760
20251216,07:18:00,57.06,57.06,57.06,57.06,2830
20251216,07:19:00,57.06,57.09,57.06,57.09,3110
20251216,07:20:00,57.06,57.1,57.06,57.1,5770
20251216,07:21:00,57.09,57.1,57.04,57.07,103740
20251216,07:22:00,57.07,57.07,57.05,57.05,620
20251216,07:23:00,57.05,57.06,57.05,57.06,680
20251216,07:24:00,57.06,57.06,57.05,57.05,3870
20251216,07:25:00,57.02,57.1,57.02,57.1,18320
20251216,07:26:00,57.1,57.11,57.1,57.11,15640
20251216,07:27:00,57.1,57.1,57.05,57.1,17210
20251216,07:28:00,57.1,57.1,57.06,57.06,15100
20251216,07:29:00,57.09,57.09,57.09,57.09,820
20251216,07:30:00,57.08,57.08,57.04,57.04,4030
20251216,07:31:00,57.07,57.07,57.07,57.07,150
20251216,07:32:00,57.08,57.08,57.08,57.08,10
20251216,07:33:00,57.07,57.07,57.07,57.07,60
20251216,07:34:00,57.04,57.04,57.02,57.02,4750
20251216,07:35:00,57.01,57.01,56.97,56.99,18620
20251216,07:36:00,56.98,56.99,56.98,56.99,490
20251216,07:37:00,57.02,57.02,57.02,57.02,510
20251216,07:38:00,57.02,57.02,56.99,56.99,1720
20251216,07:39:00,57.02,57.02,56.99,57.02,1740
20251216,07:40:00,57.02,57.02,57.01,57.01,150
20251216,07:41:00,56.98,56.98,56.96,56.96,6790
20251216,07:42:00,56.96,56.96,56.94,56.94,12600
20251216,07:43:00,56.93,56.94,56.93,56.94,1010
20251216,07:44:00,56.94,56.94,56.91,56.91,20450
20251216,07:45:00,56.91,56.91,56.9,56.9,180
20251216,07:46:00,56.91,56.91,56.91,56.91,2050
20251216,07:47:00,56.9,56.91,56.9,56.91,80
20251216,07:48:00,56.9,56.91,56.9,56.91,60
20251216,07:49:00,56.9,56.91,56.9,56.91,4090
20251216,07:50:00,56.9,56.91,56.9,56.9,2430
20251216,07:51:00,56.91,56.93,56.91,56.93,2040
20251216,07:52:00,56.92,56.96,56.92,56.96,11250
20251216,07:53:00,56.96,56.96,56.96,56.96,240
20251216,07:54:00,56.96,56.96,56.93,56.93,4110
20251216,07:55:00,56.96,56.98,56.96,56.98,11400
20251216,07:56:00,56.96,56.96,56.96,56.96,3630
20251216,07:57:00,56.95,56.95,56.94,56.94,140
20251216,07:58:00,56.95,56.95,56.93,56.93,330
20251216,07:59:00,56.93,56.95,56.93,56.95,750
20251216,08:00:00,56.93,56.94,56.9,56.93,1030
20251216,08:01:00,56.93,56.93,56.91,56.91,1100
20251216,08:02:00,56.91,56.92,56.9,56.92,5440
20251216,08:03:00,56.93,56.93,56.92,56.92,70
20251216,08:04:00,56.93,56.93,56.92,56.92,14830
20251216,08:05:00,56.91,56.91,56.87,56.87,5800
20251216,08:06:00,56.9,56.9,56.9,56.9,190
20251216,08:07:00,56.9,56.91,56.9,56.91,590
20251216,08:08:00,56.91,56.91,56.91,56.91,20
20251216,08:09:00,56.9,56.9,56.9,56.9,5010
20251216,08:11:00,56.9,56.9,56.8,56.84,59630
20251216,08:12:00,56.87,56.87,56.87,56.87,20
20251216,08:13:00,56.86,56.86,56.85,56.85,630
20251216,08:14:00,56.86,56.86,56.86,56.86,100
20251216,08:15:00,56.85,56.85,56.85,56.85,3660
20251216,08:16:00,56.84,56.85,56.84,56.84,6840
20251216,08:17:00,56.84,56.86,56.84,56.85,3690
20251216,08:18:00,56.85,56.85,56.83,56.84,7460
20251216,08:19:00,56.83,56.85,56.83,56.85,230
20251216,08:21:00,56.85,56.85,56.85,56.85,90
20251216,08:22:00,56.85,56.85,56.85,56.85,60
20251216,08:23:00,56.85,56.87,56.72,56.87,131550
20251216,08:24:00,56.8,56.85,56.8,56.85,530
20251216,08:25:00,56.86,56.86,56.86,56.86,10
20251216,08:26:00,56.85,56.87,56.85,56.87,360
20251216,08:27:00,56.87,56.87,56.87,56.87,10
20251216,08:28:00,56.87,56.87,56.85,56.87,130
20251216,08:29:00,56.87,56.88,56.87,56.88,610
20251216,08:30:00,56.89,56.89,56.89,56.89,660
20251216,08:31:00,56.89,56.89,56.89,56.89,1110
20251216,08:32:00,56.89,56.89,56.87,56.87,1760
20251216,08:33:00,56.89,56.89,56.89,56.89,530
20251216,08:34:00,56.87,56.89,56.87,56.89,5110
20251216,08:35:00,56.89,56.89,56.89,56.89,210
20251216,08:36:00,56.88,56.89,56.88,56.89,280
20251216,08:37:00,56.89,56.89,56.88,56.89,1120
20251216,08:38:00,56.89,56.92,56.89,56.92,6940
20251216,08:39:00,56.91,56.91,56.88,56.88,3120
20251216,08:40:00,56.87,56.87,56.85,56.85,12410
20251216,08:41:00,56.85,56.87,56.85,56.87,2310
20251216,08:42:00,56.85,56.87,56.85,56.87,60
20251216,08:43:00,56.87,56.91,56.87,56.91,4010
20251216,08:44:00,56.89,56.9,56.87,56.9,120
20251216,08:47:00,56.91,56.92,56.91,56.92,20
20251216,08:48:00,56.92,56.92,56.92,56.92,920
20251216,08:49:00,56.92,56.92,56.9,56.9,110
20251216,08:50:00,56.9,56.95,56.9,56.95,10140
20251216,08:51:00,56.95,56.95,56.92,56.95,18270
20251216,08:53:00,56.96,56.97,56.96,56.96,18140
20251216,08:54:00,56.96,56.98,56.96,56.98,5960
20251216,08:55:00,56.98,56.98,56.98,56.98,590
20251216,08:56:00,56.98,56.98,56.96,56.97,5600
20251216,08:57:00,56.97,56.97,56.96,56.96,950
20251216,08:58:00,56.96,56.96,56.96,56.96,290
20251216,08:59:00,56.96,56.96,56.95,56.95,30
20251216,09:00:00,56.93,56.93,56.85,56.85,2990
20251216,09:01:00,56.86,56.91,56.85,56.91,7830
20251216,09:02:00,56.91,56.92,56.86,56.86,20620
20251216,09:03:00,56.88,56.89,56.83,56.83,15650
20251216,09:04:00,56.82,56.84,56.82,56.83,3160
20251216,09:05:00,56.83,56.84,56.83,56.83,560
20251216,09:06:00,56.83,56.86,56.83,56.86,10730
20251216,09:07:00,56.86,56.86,56.84,56.84,2280
20251216,09:08:00,56.86,56.86,56.85,56.85,180
20251216,09:09:00,56.84,56.86,56.84,56.84,10510
20251216,09:10:00,56.84,56.85,56.8,56.84,10660
20251216,09:11:00,56.82,56.84,56.82,56.82,1130
20251216,09:12:00,56.82,56.84,56.82,56.84,600
20251216,09:13:00,56.83,56.83,56.81,56.81,9070
20251216,09:14:00,56.81,56.83,56.8,56.82,38420
20251216,09:15:00,56.82,56.82,56.82,56.82,1570
20251216,09:16:00,56.81,56.83,56.81,56.81,1850
20251216,09:17:00,56.84,56.9,56.84,56.89,44910
20251216,09:18:00,56.9,56.91,56.9,56.9,19580
20251216,09:19:00,56.91,56.91,56.88,56.88,230
20251216,09:20:00,56.89,56.91,56.88,56.89,490
20251216,09:21:00,56.91,56.92,56.9,56.91,2290
20251216,09:22:00,56.92,56.92,56.88,56.88,13240
20251216,09:23:00,56.91,56.91,56.88,56.88,2390
20251216,09:24:00,56.89,56.89,56.88,56.89,2290
20251216,09:25:00,56.89,56.89,56.88,56.89,2960
20251216,09:26:00,56.89,56.9,56.89,56.9,1140
20251216,09:27:00,56.91,56.91,56.9,56.9,17370
20251216,09:28:00,56.9,56.9,56.89,56.9,10670
20251216,09:29:00,56.9,56.92,56.9,56.91,17580
20251216,09:30:00,56.92,56.92,56.89,56.89,10020
20251216,09:32:00,56.92,56.92,56.92,56.92,30
20251216,09:33:00,56.91,56.91,56.91,56.91,160
20251216,09:34:00,56.91,56.92,56.9,56.91,5020
20251216,09:35:00,56.9,56.91,56.9,56.91,80
20251216,09:36:00,56.91,56.92,56.91,56.92,6060
20251216,09:37:00,56.92,56.92,56.91,56.92,1990
20251216,09:38:00,56.92,56.93,56.91,56.93,3030
20251216,09:39:00,56.93,56.93,56.92,56.93,250
20251216,09:40:00,56.93,56.94,56.93,56.94,500
20251216,09:41:00,56.94,56.94,56.93,56.93,2880
20251216,09:42:00,56.93,56.93,56.92,56.93,330
20251216,09:43:00,56.92,56.93,56.92,56.92,2130
20251216,09:44:00,56.92,56.93,56.92,56.92,3260
20251216,09:45:00,56.92,56.93,56.92,56.93,3850
20251216,09:46:00,56.92,56.93,56.92,56.92,1910
20251216,09:47:00,56.92,56.93,56.92,56.92,1700
20251216,09:48:00,56.93,56.93,56.92,56.92,90
20251216,09:49:00,56.92,56.92,56.88,56.89,47390
20251216,09:50:00,56.88,56.88,56.88,56.88,1100
20251216,09:52:00,56.89,56.89,56.88,56.88,600
20251216,09:53:00,56.88,56.88,56.88,56.88,200
20251216,09:54:00,56.88,56.89,56.88,56.89,3380
20251216,09:55:00,56.89,56.89,56.89,56.89,520
20251216,09:56:00,56.89,56.89,56.81,56.81,62980
20251216,09:57:00,56.81,56.84,56.81,56.82,2090
20251216,09:58:00,56.82,56.85,56.82,56.85,2600
20251216,09:59:00,56.85,56.85,56.82,56.82,360
20251216,10:00:00,56.83,56.89,56.83,56.89,8000
20251216,10:01:00,56.86,56.86,56.8,56.84,30310
20251216,10:02:00,56.84,56.84,56.76,56.81,30620
20251216,10:03:00,56.8,56.82,56.79,56.82,3360
20251216,10:04:00,56.81,56.81,56.8,56.81,140
20251216,10:05:00,56.8,56.8,56.78,56.78,2550
20251216,10:06:00,56.8,56.81,56.79,56.79,310
20251216,10:07:00,56.79,56.79,56.74,56.74,11940
20251216,10:08:00,56.75,56.78,56.75,56.78,6600
20251216,10:09:00,56.8,56.8,56.77,56.77,6180
20251216,10:10:00,56.79,56.83,56.79,56.82,2310
20251216,10:11:00,56.82,56.84,56.8,56.83,1170
20251216,10:12:00,56.83,56.83,56.83,56.83,20
20251216,10:13:00,56.81,56.82,56.79,56.82,560
20251216,10:14:00,56.83,56.83,56.81,56.83,1150
20251216,10:15:00,56.83,56.84,56.82,56.83,2240
20251216,10:16:00,56.83,56.83,56.8,56.8,1100
20251216,10:17:00,56.8,56.8,56.78,56.79,430
20251216,10:18:00,56.79,56.8,56.78,56.8,1600
20251216,10:19:00,56.8,56.82,56.8,56.8,1930
20251216,10:20:00,56.79,56.8,56.75,56.75,45180
20251216,10:21:00,56.77,56.81,56.77,56.81,7070
20251216,10:22:00,56.79,56.8,56.79,56.8,1170
20251216,10:23:00,56.81,56.83,56.8,56.83,2060
20251216,10:24:00,56.85,56.88,56.85,56.88,4870
20251216,10:25:00,56.88,56.94,56.88,56.94,3880
20251216,10:26:00,56.94,56.95,56.92,56.92,6820
20251216,10:27:00,56.89,56.95,56.89,56.95,4690
20251216,10:28:00,56.95,56.95,56.94,56.95,1010
20251216,10:29:00,56.94,56.98,56.94,56.97,47450
20251216,10:30:00,56.98,56.98,56.92,56.92,57770
20251216,10:31:00,56.94,56.95,56.86,56.94,88500
20251216,10:32:00,56.94,56.94,56.93,56.93,1830
20251216,10:33:00,56.93,56.94,56.92,56.93,43920
20251216,10:34:00,56.93,56.94,56.93,56.93,270
20251216,10:35:00,56.94,56.94,56.93,56.94,16670
20251216,10:36:00,56.94,56.95,56.94,56.94,2420
20251216,10:37:00,56.94,56.94,56.92,56.94,2440
20251216,10:38:00,56.94,57.01,56.91,57,204270
20251216,10:39:00,57.01,57.01,56.99,56.99,18430
20251216,10:40:00,57.01,57.02,56.99,57.01,19370
20251216,10:41:00,57.01,57.03,57.01,57.01,9970
20251216,10:42:00,57.02,57.04,57,57.02,22650
20251216,10:43:00,57.02,57.04,57.02,57.03,6390
20251216,10:44:00,57.02,57.09,57.02,57.07,105090
20251216,10:45:00,57.07,57.11,57.07,57.09,57920
20251216,10:46:00,57.09,57.11,57.09,57.1,5150
20251216,10:47:00,57.1,57.11,57.1,57.11,1720
20251216,10:48:00,57.11,57.11,57.06,57.07,16150
20251216,10:49:00,57.06,57.11,57.06,57.11,30250
20251216,10:50:00,57.1,57.2,57.1,57.19,117990
20251216,10:51:00,57.2,57.47,57.2,57.46,395560
20251216,10:52:00,57.47,57.47,57.32,57.38,252580
20251216,10:53:00,57.39,57.6,57.36,57.6,405410
20251216,10:54:00,57.6,57.69,57.52,57.54,241180
20251216,10:55:00,57.56,57.78,57.56,57.7,483630
20251216,10:56:00,57.7,57.76,57.66,57.68,221730
20251216,10:57:00,57.69,57.77,57.67,57.74,96850
20251216,10:58:00,57.74,57.78,57.67,57.76,124460
20251216,10:59:00,57.75,57.8,57.68,57.74,291220
20251216,11:00:00,57.74,57.8,57.63,57.64,206670
20251216,11:01:00,57.64,57.67,57.61,57.63,63190
20251216,11:02:00,57.63,57.65,57.54,57.57,125170
20251216,11:03:00,57.58,57.6,57.56,57.57,54250
20251216,11:04:00,57.55,57.57,57.51,57.51,61400
20251216,11:05:00,57.5,57.55,57.5,57.55,27600
20251216,11:06:00,57.54,57.62,57.54,57.61,56820
20251216,11:07:00,57.61,57.62,57.54,57.54,44510
20251216,11:08:00,57.54,57.77,57.54,57.76,375890
20251216,11:09:00,57.76,57.77,57.71,57.71,39360
20251216,11:10:00,57.7,57.75,57.68,57.68,33760
20251216,11:11:00,57.68,57.7,57.67,57.67,17340
20251216,11:12:00,57.69,57.69,57.65,57.65,20120
20251216,11:13:00,57.65,57.67,57.61,57.64,41280
20251216,11:14:00,57.64,57.66,57.64,57.66,7530
20251216,11:15:00,57.65,57.72,57.65,57.65,61590
20251216,11:16:00,57.66,57.66,57.65,57.65,3780
20251216,11:17:00,57.65,57.66,57.61,57.61,18820
20251216,11:18:00,57.61,57.62,57.59,57.59,9140
20251216,11:19:00,57.6,57.62,57.6,57.61,8340
20251216,11:20:00,57.62,57.64,57.62,57.64,6910
20251216,11:21:00,57.63,57.64,57.62,57.62,6070
20251216,11:22:00,57.62,57.63,57.62,57.62,5140
20251216,11:23:00,57.62,57.63,57.58,57.58,34720
20251216,11:24:00,57.6,57.63,57.57,57.61,32780
20251216,11:25:00,57.63,57.63,57.6,57.63,22630
20251216,11:26:00,57.63,57.63,57.59,57.62,16230
20251216,11:27:00,57.61,57.62,57.59,57.59,17000
20251216,11:28:00,57.6,57.6,57.59,57.59,2190
20251216,11:29:00,57.6,57.6,57.59,57.6,570
20251216,11:30:00,57.6,57.6,57.59,57.6,5300
20251216,11:31:00,57.59,57.61,57.59,57.6,8770
20251216,11:32:00,57.61,57.61,57.59,57.6,3460
20251216,11:33:00,57.6,57.63,57.6,57.61,19990
20251216,11:34:00,57.62,57.62,57.6,57.6,7290
20251216,11:35:00,57.6,57.61,57.6,57.61,19710
20251216,11:36:00,57.62,57.62,57.61,57.62,10140
20251216,11:37:00,57.61,57.62,57.61,57.61,13890
20251216,11:38:00,57.6,57.6,57.59,57.59,4100
20251216,11:39:00,57.6,57.6,57.6,57.6,530
20251216,11:40:00,57.6,57.61,57.59,57.59,25050
20251216,11:41:00,57.6,57.6,57.58,57.59,23230
20251216,11:42:00,57.59,57.61,57.59,57.6,80680
20251216,11:43:00,57.6,57.61,57.58,57.6,12640
20251216,11:44:00,57.58,57.59,57.57,57.59,4650
20251216,11:45:00,57.58,57.58,57.53,57.55,39010
20251216,11:46:00,57.54,57.57,57.54,57.57,7090
20251216,11:47:00,57.56,57.57,57.52,57.53,43820
20251216,11:48:00,57.54,57.57,57.53,57.56,15240
20251216,11:49:00,57.54,57.55,57.53,57.53,11940
20251216,11:50:00,57.53,57.57,57.52,57.57,22440
20251216,11:51:00,57.57,57.61,57.56,57.61,30900
20251216,11:52:00,57.61,57.63,57.6,57.62,126830
20251216,11:53:00,57.64,57.65,57.61,57.65,23370
20251216,11:54:00,57.65,57.65,57.64,57.64,22360
20251216,11:55:00,57.63,57.65,57.63,57.65,26870
20251216,11:56:00,57.64,57.65,57.62,57.62,7030
20251216,11:57:00,57.63,57.64,57.61,57.64,15630
20251216,11:58:00,57.63,57.65,57.63,57.65,13140
20251216,11:59:00,57.63,57.65,57.63,57.65,46990
20251216,12:00:00,57.64,57.67,57.61,57.61,37350
20251216,12:01:00,57.61,57.66,57.6,57.62,11140
20251216,12:02:00,57.61,57.65,57.61,57.65,12700
20251216,12:03:00,57.62,57.67,57.62,57.67,13910
20251216,12:04:00,57.66,57.66,57.56,57.56,28930
20251216,12:05:00,57.6,57.63,57.58,57.6,22910
20251216,12:06:00,57.61,57.65,57.6,57.65,15030
20251216,12:07:00,57.62,57.65,57.62,57.63,19880
20251216,12:08:00,57.62,57.63,57.62,57.63,10350
20251216,12:09:00,57.63,57.63,57.6,57.61,75370
20251216,12:10:00,57.59,57.65,57.59,57.62,55150
20251216,12:11:00,57.63,57.65,57.61,57.62,5840
20251216,12:12:00,57.62,57.62,57.59,57.59,31440
20251216,12:13:00,57.58,57.58,57.52,57.52,60240
20251216,12:14:00,57.56,57.61,57.55,57.55,23970
20251216,12:15:00,57.56,57.62,57.56,57.6,10070
20251216,12:16:00,57.61,57.65,57.61,57.64,6530
20251216,12:17:00,57.64,57.66,57.62,57.62,22220
20251216,12:18:00,57.62,57.66,57.61,57.63,12890
20251216,12:19:00,57.65,57.67,57.63,57.67,14340
20251216,12:20:00,57.67,57.67,57.66,57.66,13710
20251216,12:21:00,57.66,57.66,57.64,57.64,11950
20251216,12:22:00,57.64,57.65,57.64,57.65,16320
20251216,12:23:00,57.64,57.65,57.64,57.64,13200
20251216,12:24:00,57.65,57.65,57.64,57.65,26000
20251216,12:25:00,57.65,57.75,57.65,57.73,344070
20251216,12:26:00,57.73,57.75,57.68,57.73,50190
20251216,12:27:00,57.74,57.74,57.73,57.74,2660
20251216,12:28:00,57.73,57.74,57.68,57.7,7730
20251216,12:29:00,57.68,57.7,57.68,57.69,11300
20251216,12:30:00,57.68,57.68,57.66,57.66,2260
20251216,12:31:00,57.66,57.73,57.66,57.73,18870
20251216,12:32:00,57.72,57.73,57.67,57.68,7740
20251216,12:33:00,57.66,57.66,57.63,57.66,48540
20251216,12:34:00,57.66,57.71,57.66,57.66,38740
20251216,12:35:00,57.66,57.68,57.65,57.66,22650
20251216,12:36:00,57.65,57.65,57.64,57.64,14400
20251216,12:37:00,57.63,57.64,57.55,57.63,126790
20251216,12:38:00,57.6,57.6,57.57,57.57,2990
20251216,12:39:00,57.58,57.58,57.57,57.57,2140
20251216,12:40:00,57.58,57.63,57.57,57.61,106560
20251216,12:41:00,57.61,57.61,57.59,57.6,350
20251216,12:42:00,57.59,57.59,57.57,57.57,18770
20251216,12:43:00,57.57,57.58,57.57,57.58,2540
20251216,12:44:00,57.57,57.58,57.57,57.58,7220
20251216,12:45:00,57.57,57.58,57.57,57.57,30010
20251216,12:46:00,57.57,57.59,57.55,57.59,30230
20251216,12:47:00,57.59,57.59,57.57,57.59,4870
20251216,12:48:00,57.59,57.59,57.58,57.59,1010
20251216,12:49:00,57.59,57.65,57.59,57.65,34070
20251216,12:50:00,57.64,57.64,57.64,57.64,2790
20251216,12:51:00,57.65,57.65,57.64,57.65,6030
20251216,12:52:00,57.65,57.65,57.64,57.64,1720
20251216,12:53:00,57.65,57.65,57.64,57.64,3570
20251216,12:54:00,57.64,57.64,57.61,57.61,3360
20251216,12:55:00,57.63,57.63,57.61,57.61,780
20251216,12:56:00,57.61,57.61,57.53,57.58,111350
20251216,12:57:00,57.56,57.59,57.56,57.59,2870
20251216,12:58:00,57.58,57.6,57.57,57.6,610
20251216,12:59:00,57.59,57.6,57.57,57.6,1190
20251216,13:00:00,57.6,57.61,57.6,57.6,1590
20251216,13:01:00,57.6,57.6,57.53,57.56,59980
20251216,13:02:00,57.56,57.56,57.54,57.55,5100
20251216,13:03:00,57.54,57.55,57.52,57.55,6800
20251216,13:04:00,57.54,57.56,57.54,57.55,1420
20251216,13:05:00,57.56,57.58,57.56,57.58,4680
20251216,13:06:00,57.58,57.58,57.57,57.57,2600
20251216,13:07:00,57.57,57.58,57.55,57.58,13030
20251216,13:08:00,57.58,57.6,57.55,57.59,18010
20251216,13:09:00,57.6,57.6,57.55,57.56,20030
20251216,13:10:00,57.56,57.6,57.54,57.56,13790
20251216,13:11:00,57.56,57.56,57.54,57.55,3580
20251216,13:12:00,57.55,57.57,57.54,57.57,8250
20251216,13:13:00,57.56,57.56,57.5,57.5,111460
20251216,13:14:00,57.5,57.52,57.5,57.52,540
20251216,13:15:00,57.5,57.53,57.5,57.52,12340
20251216,13:16:00,57.53,57.53,57.52,57.52,9670
20251216,13:17:00,57.51,57.51,57.44,57.49,162830
20251216,13:18:00,57.5,57.52,57.44,57.51,97990
20251216,13:19:00,57.5,57.52,57.5,57.52,1990
20251216,13:20:00,57.52,57.52,57.48,57.48,6730
20251216,13:21:00,57.48,57.52,57.46,57.52,64090
20251216,13:22:00,57.51,57.52,57.5,57.52,960
20251216,13:23:00,57.52,57.52,57.51,57.51,320
20251216,13:24:00,57.52,57.52,57.44,57.48,126920
20251216,13:25:00,57.46,57.49,57.44,57.47,27400
20251216,13:26:00,57.47,57.49,57.46,57.49,2410
20251216,13:27:00,57.49,57.49,57.48,57.49,1800
20251216,13:28:00,57.49,57.5,57.49,57.5,7840
20251216,13:29:00,57.5,57.55,57.5,57.55,25910
20251216,13:30:00,57.55,57.55,57.53,57.55,2690
20251216,13:31:00,57.54,57.55,57.54,57.55,25830
20251216,13:32:00,57.55,57.55,57.51,57.52,4180
20251216,13:33:00,57.51,57.53,57.51,57.53,3570
20251216,13:34:00,57.53,57.53,57.52,57.53,1670
20251216,13:35:00,57.52,57.55,57.51,57.55,73850
20251216,13:36:00,57.55,57.56,57.55,57.56,1820
20251216,13:37:00,57.56,57.57,57.56,57.57,24110
20251216,13:38:00,57.57,57.63,57.56,57.63,46720
20251216,13:39:00,57.63,57.63,57.62,57.63,10880
20251216,13:40:00,57.63,57.65,57.63,57.65,38490
20251216,13:41:00,57.65,57.65,57.64,57.65,1810
20251216,13:42:00,57.65,57.65,57.63,57.63,5770
20251216,13:43:00,57.65,57.65,57.63,57.63,32800
20251216,13:44:00,57.62,57.62,57.6,57.6,700
20251216,13:45:00,57.59,57.61,57.59,57.61,4390
20251216,13:46:00,57.61,57.61,57.47,57.49,262900
20251216,13:47:00,57.48,57.53,57.48,57.52,12630
20251216,13:48:00,57.51,57.52,57.5,57.52,1390
20251216,13:49:00,57.52,57.52,57.52,57.52,1740
20251216,13:50:00,57.51,57.53,57.51,57.53,6890
20251216,13:51:00,57.53,57.53,57.53,57.53,320
20251216,13:52:00,57.53,57.6,57.53,57.57,160030
20251216,13:53:00,57.57,57.6,57.54,57.59,36770
20251216,13:54:00,57.59,57.6,57.58,57.59,4990
20251216,13:55:00,57.59,57.6,57.58,57.58,6280
20251216,13:56:00,57.58,57.59,57.58,57.59,270
20251216,13:57:00,57.6,57.63,57.59,57.63,261560
20251216,13:58:00,57.62,57.63,57.62,57.62,10830
20251216,13:59:00,57.61,57.62,57.61,57.61,12330
20251216,14:00:00,57.62,57.63,57.58,57.62,7990
20251216,14:01:00,57.61,57.62,57.61,57.62,1510
20251216,14:02:00,57.62,57.63,57.62,57.63,22290
20251216,14:03:00,57.63,57.64,57.63,57.64,16440
20251216,14:04:00,57.62,57.64,57.62,57.64,50
20251216,14:05:00,57.62,57.65,57.62,57.65,25410
20251216,14:06:00,57.64,57.64,57.63,57.64,3170
20251216,14:07:00,57.63,57.64,57.63,57.64,4350
20251216,14:08:00,57.64,57.65,57.64,57.65,2000
20251216,14:09:00,57.65,57.65,57.65,57.65,33770
20251216,14:10:00,57.65,57.65,57.63,57.63,4050
20251216,14:11:00,57.62,57.98,57.58,57.93,1386670
20251216,14:12:00,57.93,58.09,57.89,58.05,1381760
20251216,14:13:00,58.04,58.08,58.01,58.03,376510
20251216,14:14:00,58.03,58.54,58.01,58.42,2129400
20251216,14:15:00,58.41,58.48,58.27,58.31,520370
20251216,14:16:00,58.31,58.33,58.26,58.28,295420
20251216,14:17:00,58.29,58.29,58.26,58.29,128970
20251216,14:18:00,58.29,58.4,58.29,58.39,249000
20251216,14:19:00,58.38,58.39,58.31,58.33,132250
20251216,14:20:00,58.36,58.39,58.31,58.31,146390
20251216,14:21:00,58.32,58.33,58.26,58.3,171640
20251216,14:22:00,58.3,58.3,58.24,58.25,223330
20251216,14:23:00,58.25,58.34,58.22,58.33,453950
20251216,14:24:00,58.33,58.37,58.3,58.32,227210
20251216,14:25:00,58.31,58.32,58.28,58.31,70270
20251216,14:26:00,58.29,58.32,58.27,58.28,43100
20251216,14:27:00,58.28,58.29,58.25,58.28,135590
20251216,14:28:00,58.28,58.28,58.24,58.26,83540
20251216,14:29:00,58.25,58.32,58.24,58.31,262650
20251216,14:30:00,58.32,58.36,58.3,58.31,169230
20251216,14:31:00,58.31,58.31,58.27,58.3,21900
20251216,14:32:00,58.3,58.32,58.27,58.29,24720
20251216,14:33:00,58.29,58.29,58.27,58.27,7010
20251216,14:34:00,58.29,58.3,58.28,58.29,16790
20251216,14:35:00,58.29,58.29,58.28,58.29,28120
20251216,14:36:00,58.28,58.29,58.28,58.28,10210
20251216,14:37:00,58.27,58.28,58.24,58.27,76290
20251216,14:38:00,58.26,58.26,58.23,58.26,106770
20251216,14:39:00,58.25,58.26,58.24,58.25,28260
20251216,14:40:00,58.24,58.29,58.24,58.28,45130
20251216,14:41:00,58.29,58.29,58.28,58.29,26840
20251216,14:42:00,58.28,58.29,58.28,58.29,8190
20251216,14:43:00,58.29,58.29,58.22,58.27,222220
20251216,14:44:00,58.26,58.28,58.22,58.26,107840
20251216,14:45:00,58.26,58.26,58.24,58.24,5290
20251216,14:46:00,58.25,58.26,58.22,58.24,146370
20251216,14:47:00,58.25,58.25,58.24,58.25,2560
20251216,14:48:00,58.25,58.25,58.24,58.24,18350
20251216,14:49:00,58.24,58.25,58.22,58.25,2133230
20251216,14:50:00,58.25,58.29,58.22,58.25,125140
20251216,14:51:00,58.23,58.26,58.22,58.23,183310
20251216,14:52:00,58.23,58.29,58.23,58.26,90300
20251216,14:53:00,58.26,58.27,58.22,58.23,77670
20251216,14:54:00,58.22,58.23,58.09,58.12,1144020
20251216,14:55:00,58.13,58.17,58.13,58.14,49730
20251216,14:56:00,58.13,58.19,58.13,58.15,110830
20251216,14:57:00,58.16,58.19,58.16,58.19,16220
20251216,14:58:00,58.19,58.24,58.19,58.22,86240
20251216,14:59:00,58.23,58.31,58.2,58.3,422020
20251216,15:00:00,58.3,58.33,58.3,58.31,125040
20251216,15:01:00,58.31,58.32,58.3,58.31,14070
20251216,15:02:00,58.31,58.45,58.31,58.43,524550
20251216,15:03:00,58.43,58.46,58.43,58.45,93750
20251216,15:04:00,58.45,59.45,58.45,59.07,3141220
20251216,15:05:00,59.07,59.21,58.78,58.89,1180870
20251216,15:06:00,58.89,58.95,58.76,58.86,540080
20251216,15:07:00,58.86,58.88,58.78,58.8,235310
20251216,15:08:00,58.79,58.8,58.71,58.77,150700
20251216,15:09:00,58.77,58.8,58.76,58.79,116200
20251216,15:10:00,58.78,58.79,58.72,58.75,178610
20251216,15:11:00,58.73,58.75,58.71,58.74,30950
20251216,15:12:00,58.73,59,58.69,59,718090
20251216,15:13:00,59.01,59.14,58.97,59.04,469550
20251216,15:14:00,59.05,59.07,59.03,59.04,92150
20251216,15:15:00,59.04,59.07,58.98,59.01,154140
20251216,15:16:00,59.01,59.15,59,59.13,331570
20251216,15:17:00,59.14,59.22,59.08,59.15,400890
20251216,15:18:00,59.15,59.2,59.12,59.2,230510
20251216,15:19:00,59.2,59.3,59.14,59.19,421860
20251216,15:20:00,59.19,59.2,59.12,59.15,173690
20251216,15:21:00,59.15,59.19,59.12,59.15,157230
20251216,15:22:00,59.15,59.16,59.12,59.13,152930
20251216,15:23:00,59.14,59.15,59.1,59.1,204010
20251216,15:24:00,59.12,59.19,59.11,59.15,120370
20251216,15:25:00,59.17,59.18,59.15,59.17,82160
20251216,15:26:00,59.17,59.19,59.15,59.15,107910
20251216,15:27:00,59.15,59.19,59.15,59.18,35360
20251216,15:28:00,59.18,59.19,59.12,59.12,363760
20251216,15:29:00,59.12,59.13,59.05,59.08,105600
20251216,15:30:00,59.09,59.1,59.04,59.04,115900
20251216,15:31:00,59.04,59.07,59.01,59.07,92230
20251216,15:32:00,59.06,59.18,59.05,59.12,187050
20251216,15:33:00,59.12,59.14,59.11,59.14,52300
20251216,15:34:00,59.13,59.15,59.13,59.15,39130
20251216,15:35:00,59.15,59.2,59.14,59.19,146470
20251216,15:36:00,59.17,59.21,59.15,59.19,97710
20251216,15:37:00,59.18,59.2,59.18,59.19,116530
20251216,15:38:00,59.19,59.24,59.17,59.23,127290
20251216,15:39:00,59.23,59.26,59.22,59.24,103160
20251216,15:40:00,59.24,59.3,59.22,59.29,221420
20251216,15:41:00,59.3,59.3,59.25,59.27,187580
20251216,15:42:00,59.27,59.39,59.27,59.37,237940
20251216,15:43:00,59.38,59.43,59.32,59.32,251410
20251216,15:44:00,59.32,59.35,59.28,59.31,157110
20251216,15:45:00,59.33,59.33,59.24,59.25,152050
20251216,15:46:00,59.27,59.3,59.23,59.27,130860
20251216,15:47:00,59.26,59.28,59.17,59.17,244080
20251216,15:48:00,59.16,59.18,59.13,59.14,102100
20251216,15:49:00,59.14,59.15,59.04,59.08,300540
20251216,15:50:00,59.08,59.08,59.03,59.06,136140
20251216,15:51:00,59.05,59.07,59.05,59.06,23650
20251216,15:52:00,59.07,59.13,59.07,59.12,242290
20251216,15:53:00,59.13,59.17,59.12,59.17,181240
20251216,15:54:00,59.16,59.2,59.14,59.15,58080
20251216,15:55:00,59.17,59.18,59.08,59.12,114530
20251216,15:56:00,59.12,59.12,59.07,59.1,59600
20251216,15:57:00,59.09,59.12,59.08,59.1,27230
20251216,15:58:00,59.12,59.14,59.1,59.11,27930
20251216,15:59:00,59.11,59.15,59.11,59.14,27900
20251216,16:00:00,59.13,59.18,59.13,59.17,59820
20251216,16:01:00,59.17,59.18,59.13,59.14,29360
20251216,16:02:00,59.13,59.13,59.03,59.03,156240
20251216,16:03:00,59.03,59.05,59.01,59.03,126960
20251216,16:04:00,59.03,59.03,58.99,59.01,167800
20251216,16:05:00,59.03,59.03,59,59.02,71880
20251216,16:06:00,59.03,59.05,59,59.02,94860
20251216,16:07:00,59.04,59.05,59.02,59.04,19370
20251216,16:08:00,59.04,59.05,58.99,59,87510
20251216,16:09:00,58.99,59,58.98,58.99,26230
20251216,16:10:00,58.99,59,58.98,59,102510
20251216,16:11:00,59,59,58.95,58.98,1184750
20251216,16:12:00,58.98,58.99,58.97,58.98,52750
20251216,16:13:00,58.99,58.99,58.95,58.98,199020
20251216,16:14:00,58.98,58.98,58.96,58.98,31500
20251216,16:15:00,58.98,59,58.97,59,98940
20251216,16:16:00,58.99,59.02,58.98,59,28080
20251216,16:17:00,59.01,59.04,58.98,58.99,84820
20251216,16:18:00,59,59.01,58.98,58.99,49970
20251216,16:19:00,58.99,59.03,58.99,59,21420
20251216,16:20:00,59,59.03,59,59.02,11600
20251216,16:21:00,59.01,59.04,59.01,59.02,18960
20251216,16:22:00,59.02,59.04,59.02,59.03,18630
20251216,16:23:00,59.04,59.06,59.04,59.05,70410
20251216,16:24:00,59.05,59.1,59.01,59.02,135070
20251216,16:25:00,59.03,59.05,59.02,59.03,16570
20251216,16:26:00,59.04,59.05,59.03,59.05,13070
20251216,16:27:00,59.03,59.05,59.03,59.05,9050
20251216,16:28:00,59.03,59.07,59.03,59.06,14890
20251216,16:29:00,59.06,59.08,59.02,59.05,43240
20251216,16:30:00,59.05,59.1,59.05,59.1,32840
20251216,16:31:00,59.1,59.13,59.1,59.13,51070
20251216,16:32:00,59.14,59.14,59.11,59.11,29040
20251216,16:33:00,59.12,59.13,59.12,59.12,26680
20251216,16:34:00,59.13,59.13,59.11,59.13,87290
20251216,16:35:00,59.13,59.13,59.11,59.12,20950
20251216,16:36:00,59.12,59.13,59.12,59.12,31590
20251216,16:37:00,59.12,59.13,59.1,59.1,89510
20251216,16:38:00,59.1,59.12,59.08,59.09,27600
20251216,16:39:00,59.08,59.1,59.07,59.09,49830
20251216,16:40:00,59.09,59.09,59.07,59.07,9030
20251216,16:41:00,59.07,59.09,59.06,59.08,22590
20251216,16:42:00,59.08,59.09,59.08,59.09,12070
20251216,16:43:00,59.08,59.11,59.08,59.1,56630
20251216,16:44:00,59.1,59.11,59.08,59.09,15900
20251216,16:45:00,59.09,59.1,59.02,59.07,101100
20251216,16:46:00,59.04,59.08,59.04,59.07,22320
20251216,16:47:00,59.07,59.07,59.05,59.06,17020
20251216,16:48:00,59.07,59.09,59.05,59.07,25610
20251216,16:49:00,59.05,59.08,59.04,59.08,87870
20251216,16:50:00,59.06,59.08,59.04,59.07,34100
20251216,16:51:00,59.05,59.07,59.05,59.07,7200
20251216,16:52:00,59.07,59.1,59.07,59.1,26960
20251216,16:53:00,59.1,59.1,59.09,59.1,18560
20251216,16:54:00,59.09,59.1,59.08,59.09,38880
20251216,16:55:00,59.09,59.1,59.04,59.04,59020
20251216,16:56:00,59.05,59.08,59.05,59.08,13410
20251216,16:57:00,59.06,59.09,59.06,59.09,46500
20251216,16:58:00,59.08,59.09,59.04,59.08,99960
20251216,16:59:00,59.07,59.08,59.02,59.08,43290
20251216,17:00:00,59.09,59.15,59.09,59.14,299980
20251216,17:01:00,59.14,59.16,59.1,59.13,41760
20251216,17:02:00,59.13,59.13,59.11,59.11,11000
20251216,17:03:00,59.11,59.14,59.11,59.14,12570
20251216,17:04:00,59.14,59.15,59.06,59.06,227050
20251216,17:05:00,59.08,59.13,59.08,59.1,13660
20251216,17:06:00,59.11,59.14,59.1,59.11,86760
20251216,17:07:00,59.13,59.14,59.09,59.1,37580
20251216,17:08:00,59.12,59.13,59.07,59.1,39030
20251216,17:09:00,59.1,59.1,59.08,59.09,13230
20251216,17:10:00,59.08,59.1,59.08,59.1,4300
20251216,17:11:00,59.1,59.13,59.1,59.11,47000
20251216,17:12:00,59.12,59.13,59.1,59.1,39070
20251216,17:13:00,59.09,59.12,59.09,59.12,28890
20251216,17:14:00,59.09,59.12,59.09,59.11,12520
20251216,17:15:00,59.12,59.13,59.1,59.11,18340
20251216,17:16:00,59.11,59.14,59.11,59.12,26120
20251216,17:17:00,59.12,59.15,59.11,59.12,12820
20251216,17:18:00,59.12,59.16,59.12,59.15,37270
20251216,17:19:00,59.16,59.18,59.15,59.15,15000
20251216,17:20:00,59.15,59.17,59.15,59.16,32170
20251216,17:21:00,59.16,59.17,59.16,59.16,17330
20251216,17:22:00,59.16,59.18,59.16,59.17,28730
20251216,17:23:00,59.18,59.18,59.17,59.18,16440
20251216,17:24:00,59.18,59.2,59.18,59.19,31450
20251216,17:25:00,59.18,59.24,59.18,59.24,170680
20251216,17:26:00,59.25,59.25,59.2,59.23,38010
20251216,17:27:00,59.23,59.25,59.22,59.23,31720
20251216,17:28:00,59.23,59.24,59.19,59.19,37190
20251216,17:29:00,59.18,59.2,59.15,59.17,75880
20251216,17:30:00,59.16,59.19,59.16,59.19,13690
20251216,17:31:00,59.19,59.2,59.16,59.19,27710
20251216,17:32:00,59.19,59.2,59.19,59.2,6090
20251216,17:33:00,59.2,59.2,59.16,59.17,57300
20251216,17:34:00,59.18,59.2,59.18,59.18,3640
20251216,17:35:00,59.18,59.19,59.17,59.19,14900
20251216,17:36:00,59.19,59.2,59.17,59.17,22100
20251216,17:37:00,59.19,59.3,59.19,59.21,264870
20251216,17:38:00,59.22,59.23,59.22,59.22,14360
20251216,17:39:00,59.22,59.3,59.22,59.26,23910
20251216,17:40:00,59.25,59.3,59.25,59.26,41850
20251216,17:41:00,59.27,59.28,59.26,59.26,15580
20251216,17:42:00,59.27,59.33,59.27,59.31,119550
20251216,17:43:00,59.3,59.32,59.3,59.3,39240
20251216,17:44:00,59.3,59.33,59.3,59.3,53430
20251216,17:45:00,59.3,59.32,59.29,59.31,56640
20251216,17:46:00,59.31,59.32,59.27,59.27,46220
20251216,17:47:00,59.28,59.29,59.26,59.28,31440
20251216,17:48:00,59.28,59.33,59.28,59.33,38000
20251216,17:49:00,59.32,59.42,59.32,59.34,252360
20251216,17:50:00,59.35,59.43,59.35,59.41,107530
20251216,17:51:00,59.4,59.41,59.35,59.37,71060
20251216,17:52:00,59.36,59.41,59.35,59.38,230430
20251216,17:53:00,59.38,59.39,59.38,59.38,48260
20251216,17:54:00,59.38,59.4,59.34,59.36,158830
20251216,17:55:00,59.35,59.4,59.35,59.35,40480
20251216,17:56:00,59.35,59.35,59.31,59.31,63520
20251216,17:57:00,59.32,59.32,59.25,59.26,76800
20251216,17:58:00,59.26,59.28,59.23,59.25,100480
20251216,17:59:00,59.24,59.26,59.21,59.23,91430
20251216,18:00:00,59.22,59.26,59.22,59.24,58930
20251216,18:01:00,59.25,59.33,59.24,59.3,191980
20251216,18:02:00,59.31,59.33,59.28,59.29,96830
20251216,18:03:00,59.3,59.3,59.23,59.24,34690
20251216,18:04:00,59.26,59.26,59.23,59.24,21850
20251216,18:05:00,59.23,59.24,59.21,59.21,26010
20251216,18:06:00,59.21,59.24,59.2,59.22,39530
20251216,18:07:00,59.21,59.28,59.21,59.28,84940
20251216,18:08:00,59.27,59.27,59.23,59.23,9020
20251216,18:09:00,59.24,59.26,59.24,59.24,13170
20251216,18:10:00,59.25,59.31,59.25,59.27,64520
20251216,18:11:00,59.27,59.32,59.25,59.28,91900
20251216,18:12:00,59.26,59.29,59.23,59.24,46600
20251216,18:13:00,59.23,59.24,59.22,59.22,11420
20251216,18:14:00,59.24,59.27,59.23,59.26,40330
20251216,18:15:00,59.25,59.25,59.22,59.24,7250
20251216,18:16:00,59.23,59.24,59.2,59.2,343330
20251216,18:17:00,59.2,59.21,59.11,59.14,176850
20251216,18:18:00,59.14,59.14,59.06,59.1,211050
20251216,18:19:00,59.1,59.14,59.07,59.08,97440
20251216,18:20:00,59.08,59.1,59.06,59.08,39390
20251216,18:21:00,59.08,59.12,59.06,59.12,100110
20251216,18:22:00,59.13,59.16,59.11,59.11,45680
20251216,18:23:00,59.12,59.19,59.11,59.16,36730
20251216,18:24:00,59.17,59.19,59.16,59.19,20340
20251216,18:25:00,59.2,59.2,59.16,59.18,79040
20251216,18:26:00,59.18,59.18,59.12,59.15,55780
20251216,18:27:00,59.15,59.16,59.14,59.16,24130
20251216,18:28:00,59.16,59.18,59.15,59.18,37090
20251216,18:29:00,59.17,59.19,59.17,59.18,22560
20251216,18:30:00,59.19,59.23,59.18,59.21,61240
20251216,18:31:00,59.21,59.22,59.21,59.21,22200
20251216,18:32:00,59.21,59.25,59.21,59.22,35610
20251216,18:33:00,59.24,59.25,59.23,59.25,68350
20251216,18:34:00,59.24,59.25,59.23,59.24,46410
20251216,18:35:00,59.23,59.24,59.21,59.22,26920
20251216,18:36:00,59.21,59.22,59.2,59.21,49490
20251216,18:37:00,59.21,59.23,59.21,59.22,5190
20251216,18:38:00,59.23,59.29,59.23,59.27,86910
20251216,18:39:00,59.27,59.27,59.26,59.26,22610
20251216,18:45:00,59.26,59.26,59.26,59.26,5620
20251216,18:46:00,59.26,59.26,59.26,59.26,14710
20251216,18:47:00,59.26,59.26,59.26,59.26,10
20251216,18:48:00,59.26,59.26,59.26,59.26,2090
20251216,18:49:00,59.26,59.26,59.26,59.26,10580
20251216,19:00:00,59.28,59.28,59.18,59.19,71390
20251216,19:01:00,59.21,59.21,59.18,59.21,5160
20251216,19:02:00,59.18,59.22,59.18,59.22,10810
20251216,19:03:00,59.22,59.22,59.17,59.21,11370
20251216,19:04:00,59.21,59.21,59.16,59.2,9340
20251216,19:05:00,59.2,59.22,59.17,59.19,12270
20251216,19:06:00,59.19,59.2,59.15,59.15,50600
20251216,19:07:00,59.17,59.18,59.11,59.11,61550
20251216,19:08:00,59.12,59.13,59.02,59.05,171020
20251216,19:09:00,59.05,59.13,59.05,59.12,38120
20251216,19:10:00,59.12,59.14,59.08,59.08,56370
20251216,19:11:00,59.09,59.09,59.05,59.06,37130
20251216,19:12:00,59.08,59.1,59.08,59.08,17100
20251216,19:13:00,59.08,59.09,59.08,59.08,5970
20251216,19:14:00,59.08,59.1,59.08,59.08,8310
20251216,19:15:00,59.09,59.09,59.06,59.06,49870
20251216,19:16:00,59.07,59.07,59.01,59.04,89050
20251216,19:17:00,59.04,59.07,59.02,59.07,181040
20251216,19:18:00,59.07,59.14,59.07,59.09,70670
20251216,19:19:00,59.09,59.09,59.07,59.09,3440
20251216,19:20:00,59.09,59.09,59.06,59.07,17880
20251216,19:21:00,59.08,59.09,59.06,59.08,6590
20251216,19:22:00,59.09,59.11,59.08,59.11,30170
20251216,19:23:00,59.11,59.19,59.08,59.12,153200
20251216,19:24:00,59.14,59.14,59.08,59.08,28480
20251216,19:25:00,59.08,59.1,59.08,59.1,7430
20251216,19:26:00,59.09,59.09,59.06,59.09,9410
20251216,19:27:00,59.09,59.1,59.08,59.1,10860
20251216,19:28:00,59.1,59.1,59.07,59.07,5980
20251216,19:29:00,59.07,59.1,59.07,59.1,16750
20251216,19:30:00,59.08,59.1,59.07,59.1,21490
20251216,19:31:00,59.08,59.1,59.07,59.09,11640
20251216,19:32:00,59.07,59.1,59.07,59.07,21050
20251216,19:33:00,59.1,59.1,59.09,59.1,27100
20251216,19:34:00,59.1,59.16,59.09,59.13,26510
20251216,19:35:00,59.12,59.14,59.11,59.12,7330
20251216,19:36:00,59.12,59.14,59.12,59.14,11300
20251216,19:37:00,59.14,59.15,59.09,59.12,24510
20251216,19:38:00,59.09,59.13,59.08,59.08,5580
20251216,19:39:00,59.08,59.09,59.06,59.08,14070
20251216,19:40:00,59.05,59.08,59.04,59.05,22870
20251216,19:41:00,59.05,59.05,58.97,58.98,249150
20251216,19:42:00,58.99,59.01,58.97,58.97,15460
20251216,19:43:00,58.99,59,58.97,58.98,5450
20251216,19:44:00,58.98,58.99,58.97,58.98,112640
20251216,19:45:00,58.97,58.98,58.9,58.92,395830
20251216,19:46:00,58.92,58.96,58.88,58.95,138550
20251216,19:47:00,58.94,58.95,58.94,58.95,21350
20251216,19:48:00,58.95,58.97,58.94,58.97,11220
20251216,19:49:00,58.97,58.98,58.96,58.96,77650
20251216,19:50:00,58.96,58.96,58.9,58.94,50500
20251216,19:51:00,58.93,58.95,58.91,58.91,38440
20251216,19:52:00,58.91,58.94,58.91,58.92,29750
20251216,19:53:00,58.92,58.94,58.91,58.94,27790
20251216,19:54:00,58.94,58.94,58.92,58.93,23070
20251216,19:55:00,58.92,58.93,58.9,58.92,29560
20251216,19:56:00,58.93,58.93,58.91,58.92,23330
20251216,19:57:00,58.91,58.92,58.9,58.92,10560
20251216,19:58:00,58.9,59.02,58.88,59.01,373460
20251216,19:59:00,59.02,59.04,59.01,59.04,55650
20251216,20:00:00,59.04,59.04,59.02,59.03,24470
20251216,20:01:00,59.02,59.02,58.95,58.97,218750
20251216,20:02:00,58.96,58.97,58.93,58.95,31160
20251216,20:03:00,58.95,58.97,58.95,58.97,4030
20251216,20:04:00,58.97,58.97,58.95,58.96,6100
20251216,20:05:00,58.96,58.97,58.94,58.94,11370
20251216,20:06:00,58.95,58.95,58.94,58.95,7760
20251216,20:07:00,58.94,58.97,58.93,58.97,19550
20251216,20:08:00,58.94,58.97,58.94,58.94,6990
20251216,20:09:00,58.96,58.96,58.94,58.94,1010
20251216,20:10:00,58.95,58.95,58.94,58.94,4230
20251216,20:11:00,58.93,58.94,58.92,58.94,3400
20251216,20:12:00,58.93,58.94,58.92,58.94,4110
20251216,20:13:00,58.95,58.98,58.95,58.98,8600
20251216,20:14:00,58.98,58.99,58.97,58.99,3980
20251216,20:15:00,58.99,58.99,58.98,58.99,950
20251216,20:16:00,58.99,59.01,58.96,59.01,27230
20251216,20:17:00,59.01,59.04,59,59.04,34990
20251216,20:18:00,59.04,59.05,59.03,59.03,69310
20251216,20:19:00,59.05,59.05,59.03,59.04,11120
20251216,20:20:00,59.04,59.05,59.04,59.04,61150
20251216,20:21:00,59.04,59.07,59.03,59.05,238310
20251216,20:22:00,59.03,59.06,59.03,59.06,8390
20251216,20:23:00,59.04,59.06,59.04,59.05,4190
20251216,20:24:00,59.06,59.09,59.05,59.09,54160
20251216,20:25:00,59.09,59.09,59.06,59.09,25590
20251216,20:26:00,59.09,59.09,59.07,59.07,1180
20251216,20:27:00,59.08,59.11,59.07,59.07,39620
20251216,20:28:00,59.09,59.1,59.08,59.09,480
20251216,20:29:00,59.09,59.1,59.07,59.1,3300
20251216,20:30:00,59.1,59.1,59.08,59.08,2700
20251216,20:31:00,59.09,59.09,59.07,59.08,12600
20251216,20:32:00,59.07,59.09,59.07,59.09,1700
20251216,20:33:00,59.1,59.1,59.07,59.1,13200
20251216,20:34:00,59.08,59.1,59.08,59.1,2760
20251216,20:35:00,59.09,59.11,59.08,59.09,4220
20251216,20:36:00,59.09,59.11,59.09,59.1,6910
20251216,20:37:00,59.1,59.14,59.1,59.14,72520
20251216,20:38:00,59.13,59.13,59.1,59.12,1190
20251216,20:39:00,59.11,59.13,59.11,59.13,10010
20251216,20:40:00,59.13,59.14,59.13,59.13,11830
20251216,20:41:00,59.13,59.13,59.1,59.1,6640
20251216,20:42:00,59.1,59.12,59.1,59.1,6060
20251216,20:43:00,59.13,59.13,59.1,59.12,1060
20251216,20:44:00,59.12,59.12,59.09,59.09,11750
20251216,20:45:00,59.1,59.13,59.1,59.13,3370
20251216,20:46:00,59.13,59.13,59.1,59.1,22710
20251216,20:47:00,59.12,59.13,59.1,59.13,6680
20251216,20:48:00,59.12,59.13,59.12,59.12,9380
20251216,20:49:00,59.12,59.12,59.1,59.1,4420
20251216,20:50:00,59.1,59.1,59.09,59.1,3290
20251216,20:51:00,59.09,59.1,59.08,59.08,3730
20251216,20:52:00,59.08,59.09,59.03,59.07,61910
20251216,20:53:00,59.07,59.11,59.07,59.09,8020
20251216,20:54:00,59.09,59.12,59.07,59.1,2940
20251216,20:55:00,59.1,59.11,59.08,59.11,7190
20251216,20:56:00,59.1,59.12,59.1,59.12,2710
20251216,20:57:00,59.12,59.13,59.1,59.13,13980
20251216,20:58:00,59.13,59.13,59.1,59.11,15310
20251216,20:59:00,59.11,59.11,59.09,59.1,2480
20251216,21:00:00,59.09,59.1,59.08,59.1,7170
20251216,21:01:00,59.07,59.09,59.07,59.09,7730
20251216,21:02:00,59.06,59.07,59.06,59.07,3650
20251216,21:03:00,59.07,59.09,59.06,59.08,6410
20251216,21:04:00,59.09,59.11,59.08,59.11,10290
20251216,21:05:00,59.09,59.12,59.09,59.12,7630
20251216,21:06:00,59.12,59.13,59.1,59.13,14460
20251216,21:07:00,59.13,59.14,59.12,59.14,5740
20251216,21:08:00,59.14,59.19,59.14,59.18,253960
20251216,21:09:00,59.18,59.18,59.13,59.13,11740
20251216,21:10:00,59.13,59.14,59.12,59.12,11340
20251216,21:11:00,59.14,59.16,59.12,59.14,11460
20251216,21:12:00,59.15,59.16,59.14,59.14,15090
20251216,21:13:00,59.14,59.17,59.13,59.14,19800
20251216,21:14:00,59.15,59.15,59.14,59.14,6140
20251216,21:15:00,59.15,59.16,59.14,59.15,9030
20251216,21:16:00,59.16,59.16,59.15,59.16,23540
20251216,21:17:00,59.15,59.16,59.12,59.12,31830
20251216,21:18:00,59.13,59.13,59.08,59.09,28020
20251216,21:19:00,59.08,59.08,59.03,59.05,90760
20251216,21:20:00,59.05,59.06,59.03,59.04,8780
20251216,21:21:00,59.04,59.08,59.04,59.05,10290
20251216,21:22:00,59.05,59.05,59.04,59.04,8890
20251216,21:23:00,59.04,59.05,59.03,59.05,20180
20251216,21:24:00,59.04,59.05,59,59,51470
20251216,21:25:00,59.01,59.01,59,59,9750
20251216,21:26:00,59.01,59.03,59,59.03,5030
20251216,21:27:00,59.03,59.05,59.02,59.03,32180
20251216,21:28:00,59.05,59.07,59.05,59.07,20500
20251216,21:29:00,59.07,59.09,59.05,59.09,10190
20251216,21:30:00,59.06,59.09,59.06,59.09,1460
20251216,21:31:00,59.09,59.09,59.06,59.06,1330
20251216,21:32:00,59.08,59.08,59.06,59.06,2050
20251216,21:33:00,59.07,59.08,59.07,59.07,4810
20251216,21:34:00,59.08,59.1,59.07,59.09,2780
20251216,21:35:00,59.09,59.09,59.07,59.08,10480
20251216,21:36:00,59.08,59.09,59.08,59.09,4220
20251216,21:37:00,59.08,59.1,59.07,59.1,8770
20251216,21:38:00,59.09,59.1,59.07,59.1,21220
20251216,21:39:00,59.08,59.1,59.07,59.08,3970
20251216,21:40:00,59.07,59.08,59.07,59.08,460
20251216,21:41:00,59.08,59.08,59.06,59.08,3220
20251216,21:42:00,59.08,59.08,59.05,59.08,13080
20251216,21:43:00,59.06,59.09,59.06,59.09,6680
20251216,21:44:00,59.09,59.1,59.07,59.07,11060
20251216,21:45:00,59.07,59.09,59.07,59.07,24420
20251216,21:46:00,59.06,59.08,59.06,59.08,10530
20251216,21:47:00,59.08,59.09,59.07,59.07,3690
20251216,21:48:00,59.07,59.11,59.06,59.1,25570
20251216,21:49:00,59.1,59.1,59.07,59.08,5240
20251216,21:50:00,59.07,59.08,59.05,59.06,91780
20251216,21:51:00,59.05,59.06,59.05,59.06,6790
20251216,21:52:00,59.06,59.06,59.05,59.06,13190
20251216,21:53:00,59.06,59.07,59.05,59.07,53960
20251216,21:54:00,59.07,59.1,59.07,59.09,25640
20251216,21:55:00,59.09,59.09,59.06,59.06,990
20251216,21:56:00,59.08,59.11,59.08,59.11,81980
20251216,21:57:00,59.11,59.11,59.1,59.1,21750
20251216,21:58:00,59.08,59.1,59.07,59.1,1340
20251216,21:59:00,59.1,59.12,59.09,59.12,5630
20251216,22:00:00,59.09,59.12,59.09,59.09,17100
20251216,22:01:00,59.09,59.11,59.09,59.11,400
20251216,22:02:00,59.1,59.13,59.09,59.13,32260
20251216,22:03:00,59.12,59.14,59.12,59.14,3280
20251216,22:04:00,59.13,59.13,59.12,59.12,10760
20251216,22:05:00,59.12,59.14,59.12,59.13,28770
20251216,22:06:00,59.14,59.14,59.12,59.14,1660
20251216,22:07:00,59.12,59.13,59.1,59.1,13230
20251216,22:08:00,59.11,59.12,59.08,59.12,5550
20251216,22:09:00,59.11,59.11,59.08,59.08,3220
20251216,22:10:00,59.1,59.1,59.06,59.08,16630
20251216,22:11:00,59.08,59.08,59.06,59.08,8210
20251216,22:12:00,59.07,59.08,59.05,59.07,14160
20251216,22:13:00,59.08,59.09,59.07,59.09,4170
20251216,22:14:00,59.07,59.07,59.05,59.07,20100
20251216,22:15:00,59.05,59.09,59.05,59.09,1440
20251216,22:16:00,59.09,59.11,59.09,59.11,1630
20251216,22:17:00,59.11,59.11,59.1,59.1,2530
20251216,22:18:00,59.11,59.11,59.07,59.1,9150
20251216,22:19:00,59.09,59.12,59.08,59.12,16260
20251216,22:20:00,59.11,59.11,59.07,59.07,10550
20251216,22:21:00,59.09,59.1,59.08,59.1,1610
20251216,22:22:00,59.1,59.1,59.08,59.1,3590
20251216,22:23:00,59.08,59.1,59.08,59.1,3330
20251216,22:24:00,59.1,59.1,59.09,59.1,680
20251216,22:25:00,59.1,59.1,59.08,59.1,1450
20251216,22:26:00,59.1,59.1,59.08,59.1,1190
20251216,22:27:00,59.09,59.11,59.09,59.11,18780
20251216,22:28:00,59.11,59.12,59.1,59.1,7470
20251216,22:29:00,59.1,59.12,59.1,59.12,1770
20251216,22:30:00,59.11,59.13,59.11,59.13,10070
20251216,22:31:00,59.11,59.13,59.11,59.13,460
20251216,22:32:00,59.13,59.13,59.11,59.13,6330
20251216,22:33:00,59.11,59.15,59.11,59.13,37110
20251216,22:34:00,59.13,59.14,59.1,59.14,6710
20251216,22:35:00,59.14,59.14,59.11,59.14,10470
20251216,22:36:00,59.14,59.14,59.11,59.12,250
20251216,22:37:00,59.12,59.12,59.09,59.12,16140
20251216,22:38:00,59.11,59.11,59.1,59.1,1220
20251216,22:39:00,59.11,59.11,59.1,59.1,3080
20251216,22:40:00,59.11,59.11,59.1,59.1,2600
20251216,22:41:00,59.11,59.11,59.1,59.11,19170
20251216,22:42:00,59.1,59.11,59.1,59.11,220
20251216,22:43:00,59.11,59.11,59.1,59.11,15570
20251216,22:44:00,59.11,59.11,59.1,59.11,2410
20251216,22:45:00,59.1,59.13,59.1,59.13,13170
20251216,22:46:00,59.13,59.15,59.13,59.15,12580
20251216,22:47:00,59.15,59.15,59.14,59.15,1460
20251216,22:48:00,59.15,59.16,59.14,59.16,8190
20251216,22:49:00,59.16,59.16,59.14,59.16,10860
20251216,22:50:00,59.16,59.16,59.14,59.15,5120
20251216,22:51:00,59.16,59.16,59.14,59.16,460
20251216,22:52:00,59.14,59.17,59.14,59.17,23720
20251216,22:53:00,59.15,59.16,59.15,59.15,620
20251216,22:54:00,59.16,59.16,59.14,59.14,5330
20251216,22:55:00,59.14,59.17,59.13,59.17,28300
20251216,22:56:00,59.15,59.17,59.15,59.17,650
20251216,22:57:00,59.17,59.19,59.17,59.18,21860
20251216,22:58:00,59.18,59.18,59.18,59.18,1570
20251216,22:59:00,59.17,59.18,59.17,59.17,3210
20251216,23:00:00,59.17,59.18,59.14,59.16,18650
20251216,23:01:00,59.16,59.17,59.14,59.16,5410
20251216,23:02:00,59.16,59.17,59.14,59.17,1860
20251216,23:03:00,59.14,59.17,59.14,59.17,50
20251216,23:04:00,59.16,59.17,59.15,59.17,2240
20251216,23:05:00,59.17,59.17,59.15,59.15,10180
20251216,23:06:00,59.17,59.19,59.16,59.19,27020
20251216,23:07:00,59.19,59.19,59.16,59.18,9630
20251216,23:08:00,59.18,59.19,59.18,59.19,3850
20251216,23:09:00,59.19,59.19,59.18,59.19,8270
